{
	"formatVersion": 1,
	"appVersion": "0.50.2",
	"files": [
		{
			"isClone": false,
			"noteId": "Y95h6oyNNeJg",
			"notePath": [
				"Y95h6oyNNeJg"
			],
			"title": "Devtools",
			"notePosition": 10,
			"prefix": null,
			"isExpanded": true,
			"type": "text",
			"mime": "text/html",
			"attributes": [],
			"format": "html",
			"dirFileName": "Devtools",
			"children": [
				{
					"isClone": false,
					"noteId": "rnJTdNuXPa7B",
					"notePath": [
						"Y95h6oyNNeJg",
						"rnJTdNuXPa7B"
					],
					"title": "My Script",
					"notePosition": 0,
					"prefix": null,
					"isExpanded": false,
					"type": "code",
					"mime": "application/javascript;env=frontend",
					"attributes": [
						{
							"type": "label",
							"name": "devtools",
							"value": "",
							"isInheritable": false,
							"position": 10
						},
						{
							"type": "label",
							"name": "run",
							"value": "frontendStartup",
							"isInheritable": false,
							"position": 20
						}
					],
					"dataFileName": "My Script.js"
				},
				{
					"isClone": false,
					"noteId": "1nKMs8tUvxU0",
					"notePath": [
						"Y95h6oyNNeJg",
						"1nKMs8tUvxU0"
					],
					"title": "devtools backend hook",
					"notePosition": 10,
					"prefix": null,
					"isExpanded": true,
					"type": "code",
					"mime": "application/javascript;env=backend",
					"attributes": [
						{
							"type": "label",
							"name": "run",
							"value": "backendStartup",
							"isInheritable": false,
							"position": 10
						}
					],
					"dataFileName": "devtools backend hook.js"
				},
				{
					"isClone": false,
					"noteId": "vMdHChJskazV",
					"notePath": [
						"Y95h6oyNNeJg",
						"vMdHChJskazV"
					],
					"title": "devtools frontend hook",
					"notePosition": 20,
					"prefix": null,
					"isExpanded": false,
					"type": "code",
					"mime": "application/javascript;env=frontend",
					"attributes": [
						{
							"type": "label",
							"name": "run",
							"value": "frontendStartup",
							"isInheritable": false,
							"position": 10
						},
						{
							"type": "label",
							"name": "run",
							"value": "mobileStartup",
							"isInheritable": false,
							"position": 20
						}
					],
					"dataFileName": "devtools frontend hook.js"
				}
			]
		},
		{
			"noImport": true,
			"dataFileName": "navigation.html"
		},
		{
			"noImport": true,
			"dataFileName": "index.html"
		},
		{
			"noImport": true,
			"dataFileName": "style.css"
		}
	]
}